"start","end","name","description","status"
"1981-09-14","1982-02-09","Dr. Omer Dare","Placeat perspiciatis fugit et ut voluptatibus sint fuga. Nemo veritatis debitis cumque ad maxime.","Bailee Kreiger"
"2017-07-29","2001-05-26","Deontae D'Amore V","Qui odit delectus eaque enim id ducimus. Qui eveniet veritatis nisi quo odio. Quis illo aut saepe explicabo. Ea ut neque nam et.","Nedra D'Amore"
"2001-01-05","1972-03-30","River Hyatt II","Doloremque eum maxime asperiores maiores beatae voluptas. Eveniet provident ut quae. Aut doloremque impedit sit dignissimos tempore nam nihil quam.","Hermann Goyette"
"2006-05-15","2012-02-16","Prof. Wilford Hahn DVM","Nobis quam libero repellat aut et. Perspiciatis omnis eligendi eligendi ut eos unde minima.","Dr. Mario Kuvalis"
"2000-09-25","1995-04-06","Arden Johnston","Atque nihil incidunt et dolor velit corporis. Quam eius perferendis odit ab labore. Expedita expedita minima id et laboriosam aut. Dolore suscipit laboriosam ex iusto dolorem sed. Eos ad sit et aut ratione a occaecati.","Ms. Jalyn Prohaska"
"2012-11-14","2011-11-12","Whitney Hammes","Ducimus sint facilis nisi et. Optio et quo consequatur sint. Possimus qui animi impedit quia sed nulla. Quasi commodi deserunt itaque aliquid ratione nobis accusamus.","Kara Ondricka IV"
"1978-12-10","1992-04-27","Dr. Shayne Frami II","Fugiat in impedit sapiente sint aut. Ut molestiae est dignissimos deserunt id. Earum quos dolorem impedit omnis ut natus. Sint omnis maiores dolor non voluptatem et. Incidunt id excepturi officiis unde vitae dolorem.","Mr. Larue Bednar II"
"2006-07-14","2015-06-11","Mrs. Ashtyn Mayert I","Modi non sunt impedit occaecati. Corrupti et repudiandae quod incidunt ut velit. Sed ducimus est facilis exercitationem. Ut nobis voluptas doloremque non.","Vernon Hettinger PhD"
"2003-05-08","1980-11-13","Annabell Macejkovic I","Veritatis voluptates possimus id voluptatibus et inventore velit et. Dolores minus atque voluptatem ut maiores. Ut asperiores consequatur voluptate et.","Andy Kirlin DVM"
"1993-04-26","1996-12-26","Mr. Isidro Thiel","Aliquam quo atque rem et quia assumenda delectus. Quod ut voluptate quia quo sequi quas aut. Hic quia alias autem est.","Mrs. Kathryn Ankunding I"
"1993-09-14","1993-09-28","Bethel Koelpin","Provident tenetur nulla et quo earum rem qui. Commodi nemo qui omnis sit. Asperiores rerum quasi cum voluptas minus incidunt.","to-do"
"1997-01-19","2012-01-26","Jennifer Upton","Rem quis error quia cumque. Itaque quia est cumque iusto est quaerat quis eos. Et maxime non incidunt facere animi nulla ut sunt.","to-do"
"1996-03-01","2003-11-11","Miss Karolann Conn PhD","Nostrum expedita sunt doloribus. Dolorum ea blanditiis dolorem.","to-do"
"2013-07-14","1990-01-14","Mr. Thad Ortiz","Et qui ad voluptatem. Quia saepe velit nobis quo. Qui tenetur dignissimos corrupti et est.","doing"
"1992-11-10","1973-05-04","Dayton Roob","Dolore sed placeat aliquid in deserunt ut quia. Maxime molestias alias ad numquam. Veniam quaerat et qui molestias dolorem laudantium alias aliquid.","doing"
"1976-04-03","1995-12-13","Freda Herzog V","Repudiandae porro sed magni voluptatem dolor voluptates. Quo minus consequatur perferendis aut qui. Omnis ducimus deleniti numquam impedit eum saepe ad ducimus.","to-do"
"2002-02-26","2005-07-26","Mr. Carmel Marvin","Iste non rerum saepe vel sunt autem. Ea error voluptas magni quod modi similique expedita voluptas.","doing"
"1988-07-09","2010-11-25","Fatima Boyle","Ex laboriosam sit qui aperiam recusandae ab. Consectetur quas dolores libero deleniti minus et. Repudiandae laudantium consequatur exercitationem illum itaque. Aut quis quo eaque expedita aut fuga saepe.","done"
"1972-12-20","2017-10-03","Prof. Betty Greenholt IV","Consequatur nobis incidunt laudantium ipsam quis. Et quibusdam veniam animi et nesciunt incidunt. Vero qui ea nihil voluptas. Expedita consequatur iure commodi voluptatibus neque expedita est.","to-do"
"1980-01-15","1985-01-08","Emanuel White","Architecto sunt exercitationem quos ea deleniti qui voluptatum. Amet molestiae ut reiciendis et et molestiae eveniet. Minus dolor sapiente fuga ut suscipit unde. Delectus deserunt libero sequi voluptatem.","done"
"2015-11-28","2011-05-25","Mrs. Birdie Cronin DDS","In sit id rerum. Inventore in recusandae repudiandae id. Iste quas non aliquam alias ut aliquid sit labore. Dolorem enim modi dolores voluptatibus. Aut sit quibusdam tenetur.","done"
"1971-08-14","1979-04-18","Hildegard Skiles I","Non alias in incidunt incidunt velit earum. Repellendus ut consectetur deserunt voluptatum. Aut omnis mollitia ratione sed fuga.","to-do"
"1981-09-09","1992-04-02","Raven Bode","Quas est dolor asperiores. Ipsa reiciendis aut adipisci qui voluptatum mollitia. Numquam rerum voluptas nihil non ut velit doloremque. Perferendis adipisci eligendi qui nihil praesentium.","done"
"1972-11-17","1987-08-25","Shayna Douglas","Quia minus voluptatem magni nobis. Ut numquam repudiandae excepturi saepe. At veritatis dolorem incidunt laboriosam odit.","done"
"1984-06-10","2016-02-27","Benjamin Brekke","Et aspernatur reprehenderit veritatis minus aut ea. Quod tenetur culpa aut. Porro voluptatem iure est tenetur dolor.","to-do"
"1990-11-05","2014-11-07","Chris Schneider","Quasi mollitia nemo ut non vel. Explicabo ab eaque reprehenderit accusamus. Dolorem voluptatem ipsum nesciunt eligendi qui laboriosam numquam. Quibusdam omnis debitis in magni qui adipisci.","doing"
"1981-06-30","1996-03-31","Mrs. Tianna Kuhic","Omnis nihil hic eaque velit. Sequi quia sed et eaque qui non. Sit dolorem rerum quibusdam sed perspiciatis quasi unde.","done"
"1986-07-26","2014-10-16","Larry Keeling V","Laboriosam rerum tempore quidem sapiente voluptatem soluta. Beatae laudantium molestiae quo quia dolores tenetur voluptatem.","to-do"
"1992-10-07","2016-02-15","Donna Hahn IV","Voluptatem quas reprehenderit praesentium fugit. Blanditiis quisquam earum nobis itaque et tempore. Itaque est aut dolores.","to-do"
"1977-06-12","1988-12-16","Penelope Jones Sr.","Ex et nobis non provident. Quod ullam placeat inventore. Odio non velit ipsa.","to-do"
"1986-07-10","2013-05-01","Abby Sporer","Alias laborum fugiat ut et. Fugiat suscipit in quia animi voluptatem nulla. Facere qui maxime molestiae magni.","done"
"2000-09-17","2013-08-07","Clemens Kiehn PhD","Beatae dolores adipisci soluta aut dolor ipsum suscipit. In iusto et earum voluptas cumque omnis incidunt. Sint voluptatum ut quia cum nisi consequuntur.","to-do"
"1978-05-08","1995-03-27","Mr. Mitchell Kling IV","Tempora error voluptatem sapiente vel quia consequatur qui quia. Corrupti et voluptatibus et est.","to-do"
"2012-01-21","1995-07-14","Mrs. Brielle Okuneva DDS","Culpa non sit laudantium aut quia unde fuga. Architecto distinctio est illo earum magnam. Hic laudantium est enim hic sapiente iusto.","to-do"
"2014-03-15","2014-02-28","Sigmund Schuppe IV","Qui non est pariatur aspernatur voluptatem eos excepturi. Ut facilis saepe ut qui deserunt.","doing"
"1977-03-26","2010-10-02","Tyreek Sipes PhD","Ipsam facere pariatur laborum animi sapiente voluptate. Laudantium modi asperiores possimus deserunt et laudantium commodi. Possimus nihil voluptatibus aliquam odit dolores dicta. Sint harum debitis voluptatem aperiam eos repellendus.","to-do"
"1991-10-02","1970-05-14","Dr. Juanita Boyer","Nobis velit dicta rem ratione. Labore aut nostrum quo sit tempora quidem quam. Voluptas unde cupiditate architecto fugiat itaque nobis. Dolore quas officia quae aut. Culpa ut dolorem quos sit facere reprehenderit.","to-do"
"1982-08-23","2016-04-22","Maude Reichel DVM","Fugiat nam rem enim molestiae ut. Dolor quia fuga itaque ullam et autem quia. Laboriosam iure inventore est autem nihil.","done"
"1970-11-30","2009-09-10","Brennan Prohaska","Aut vel saepe voluptate aut a nihil. Vero unde facilis dolores ipsam dolorem explicabo. Et quo itaque fugit corrupti. Sed impedit qui et quidem. Dolorem doloribus eos nisi aliquid libero minima est.","done"
"1987-06-09","2017-03-24","Ms. Wanda Stehr Jr.","Et aut voluptatem dolores velit. Et soluta quidem ratione et consequatur. Temporibus et non veniam. Cum quis maiores autem dolorem animi hic aut nisi. Aliquid accusamus et in assumenda ut consectetur.","doing"
"2014-11-27","1971-02-22","Pansy Graham III","Quasi sed aspernatur nostrum adipisci asperiores non aut. Amet magni animi amet quasi quo autem. Omnis qui quis quos reprehenderit.","to-do"
"1993-11-11","1996-11-09","Darrick Lebsack","Tempore velit aut praesentium eos et officia. Reprehenderit iure ut commodi accusantium. Eum tempore quae in beatae harum provident illum possimus. Rerum accusantium consequatur eius cumque.","to-do"
"2006-03-25","2013-04-22","Trystan Franecki","Debitis sint vel facere ullam sit necessitatibus fugit quo. Voluptas autem autem eos maxime.","doing"
"1973-05-24","2017-08-17","Prof. Gordon Kerluke V","Nisi vitae corporis nam. Sit sunt aut distinctio dolores soluta. Consequatur qui aut alias nobis sint at.","done"
"1991-10-07","2014-01-14","Ila Cummerata","Harum ut sed ex dolorem. Omnis voluptas sit odio omnis neque qui magnam. Autem delectus inventore iure molestias dolorem. Aliquam voluptas voluptas voluptas facere et.","doing"
"1976-09-21","2011-08-24","Lambert Windler","Quibusdam voluptatibus repellendus facere velit dolorum tempora aliquid. Eaque nobis sunt illo assumenda. Temporibus ullam sapiente rerum est. In quis nobis eum laborum in iusto ea a.","done"
"2011-08-06","1974-09-08","Charles Schulist","Eos vel fugiat aut impedit ut nam. Consectetur sit enim occaecati expedita aut ab. Facere ut nostrum fugit ut sit quo aperiam. Molestiae nobis ut consequatur non sed nemo ut.","done"
"1998-11-19","1992-12-20","Kenneth Windler III","Dolor esse officia sed corrupti officiis. Et ut quaerat corrupti reprehenderit iure expedita reiciendis. Aut sequi sed quasi aut distinctio tenetur illum. Voluptas et dicta ipsam optio facere tenetur voluptate.","doing"
"1993-11-20","2006-07-31","Hoyt Gleason","Omnis repellat atque nostrum expedita consectetur quod. Excepturi fugit atque mollitia sint culpa qui. Aut inventore voluptatibus aspernatur. Fuga ipsa perferendis nihil et dolorum magni.","done"
"1987-11-09","2015-02-17","Miss Adaline Little","Quo vitae ea voluptatum aut quos. Deserunt eum cumque ipsum omnis. Et molestiae et quis odio commodi.","done"
"1999-07-01","2017-05-05","sdfdf","fdsgdfgfdfgfd","created"
"2018-05-12","2018-05-14","E","E","created"